aX,aY,aZ,gX,gY,gZ
1.059,0.58,-1.282,-19.043,-76.904,6.836
0.998,0.695,-1.699,-31.311,-110.657,1.831
0.828,0.82,-2.541,-47.058,-160.461,-8.972
0.72,0.829,-2.823,-69.641,-328.979,-35.339
0.384,0.867,-2.683,-53.711,-429.443,-49.744
0.129,0.891,-2.25,22.949,-580.2,-88.013
-0.522,0.702,-1.299,44.678,-612.915,-108.704
-0.996,0.433,-0.88,27.588,-651.977,-129.456
-2.241,-0.354,0.18,24.109,-671.448,-125.854
-2.957,-0.744,0.676,54.138,-664.978,-74.28
-4,-1.085,1.755,58.105,-635.803,-27.405
-4,-0.839,2.445,23.682,-561.34,-46.814
-3.761,-0.408,3.298,47.852,-476.44,-119.202
-3.251,-0.603,3.53,45.471,-294.861,-171.082
-1.346,-1.813,3.565,-8.85,-216.797,-161.255
-0.831,-2.085,3.346,-77.576,-38.818,-30.762
-0.804,-1.088,2.561,-44.8,57.007,51.025
-0.984,-0.297,2.056,4.028,145.935,103.821
-1.264,0.525,1.033,-7.324,224.06,114.441
-1.249,0.488,0.779,-49.866,200.684,89.416
-1.182,0.354,0.792,-72.632,118.835,36.011
-1.119,0.165,1.222,-54.626,100.525,18.127
-1.113,0.083,1.411,-31.372,128.479,5.005
-1.137,-0.158,1.516,-26.611,163.452,8.972
-1.165,-0.278,1.483,-9.338,238.953,27.71
-1.121,-0.31,1.475,-5.31,267.7,36.926
-1.034,-0.264,1.486,-32.959,310.242,44.067
-0.757,-0.179,1.35,-47.302,328.186,43.945
-0.59,-0.123,1.203,-28.198,356.506,40.833
-0.279,0.003,0.909,7.019,367.004,33.508
-0.153,0.013,0.785,79.895,379.944,6.897
0.137,0.012,0.512,93.14,380.249,2.991
0.261,0.045,0.364,53.711,369.751,25.94
0.354,0.115,0.051,22.949,360.474,37.17
0.394,0.127,-0.097,2.258,344.788,43.457
0.476,0.134,-0.21,10.681,292.786,45.105
0.764,0.235,-0.32,26.367,269.226,42.786
0.853,0.258,-0.326,7.019,238.342,36.499
0.91,0.259,-0.426,-10.315,216.553,35.583
0.997,0.247,-0.6,20.874,173.645,24.048
1.006,0.289,-0.605,55.786,153.32,20.081
1.017,0.367,-0.559,76.355,109.253,24.292
1.018,0.485,-0.381,57.068,90.637,28.137
1.022,0.494,-0.298,8.911,65.613,24.536
1.042,0.428,-0.202,-6.287,58.594,15.503
1.04,0.363,-0.178,-12.939,46.936,-6.714
1.026,0.193,-0.126,-12.756,41.26,-15.32
1,0.107,-0.094,-19.043,31.433,-17.09
0.958,-0.016,-0.044,-24.292,27.039,-11.902
0.959,-0.04,-0.014,-23.437,16.663,-2.258
0.97,-0.034,0.062,-20.569,14.282,0.427
0.98,0.001,0.098,-13.428,15.625,2.686
0.993,0.092,0.149,-7.568,17.09,1.404
0.996,0.111,0.169,-2.441,16.296,-1.465
0.991,0.109,0.173,-1.099,9.216,-5.066
0.974,0.103,0.152,-6.287,-0.061,-4.578
0.985,0.084,0.169,-7.446,-5.371,-6.714
0.995,0.052,0.203,-7.141,-11.536,-12.878
1.002,-0.032,0.268,-8.179,-10.254,-11.841
0.99,-0.051,0.279,-9.766,-6.775,-7.507
0.955,-0.04,0.271,-9.521,2.197,-0.183
0.943,-0.038,0.251,-7.202,6.409,0
0.938,-0.037,0.224,0.916,10.62,-1.16
0.942,-0.004,0.185,4.028,8.484,-1.892
0.956,0.008,0.188,2.502,-5.554,-5.432
0.992,-0.004,0.244,-0.122,-12.451,-6.531
1,-0.012,0.281,-3.296,-14.465,-4.15
1.002,-0.014,0.33,-3.052,-9.888,-2.075
1.003,-0.013,0.33,-0.488,0.427,0.732
1.008,-0.011,0.301,0.793,2.563,1.343
1.008,-0.006,0.285,2.075,1.648,1.77
0.997,0.012,0.266,1.343,0.61,1.343
0.99,0.02,0.264,-1.16,1.038,0.122
0.982,0.026,0.27,-2.441,2.93,-0.244
0.979,0.028,0.268,-3.845,9.216,0.732
0.971,0.036,0.246,-2.563,12.512,1.282
0.968,0.044,0.223,0,14.648,0.854
0.967,0.049,0.204,3.235,11.292,-2.38
0.967,0.034,0.199,1.465,7.019,-4.028
0.963,0.018,0.212,-3.845,-0.854,-4.944
0.959,-0.004,0.235,-4.089,-3.174,-4.822
0.964,-0.007,0.247,-1.221,-3.662,-4.517
0.971,-0.008,0.266,-1.343,-1.709,-3.54
0.971,-0.011,0.255,-3.235,2.991,-0.305
0.972,-0.014,0.231,-2.808,3.54,0.305
0.974,-0.012,0.229,-1.953,2.747,0.427
0.98,-0.004,0.237,-2.197,-0.366,1.343
0.984,-0.001,0.243,-2.869,-1.892,1.709
0.987,0.004,0.252,-2.563,-3.784,1.465
0.994,0.015,0.282,-1.953,-3.174,1.221
0.994,0.017,0.294,-1.221,2.686,0.305
0.984,0.008,0.272,-0.977,6.165,-0.183
0.981,0.004,0.241,1.16,9.094,-0.793
0.972,0.013,0.198,2.197,7.996,-1.099
0.97,0.017,0.196,0.183,3.418,-1.038
0.969,0.012,0.208,-1.648,1.465,-0.366
0.972,0.01,0.22,-3.296,0.305,1.16
0.977,0.014,0.231,-3.357,1.038,1.648
0.977,0.021,0.228,-2.747,2.136,2.014
0.98,0.031,0.24,-2.625,2.197,1.404
0.982,0.025,0.25,-2.563,2.686,0.305
0.979,0.003,0.235,-1.099,5.31,-1.526
0.977,0,0.224,-0.122,5.676,-1.831
0.975,0.003,0.218,0.061,2.991,-1.709
0.969,0.002,0.216,-0.671,1.709,-1.404
0.968,-0.004,0.214,-2.319,0.549,-0.244
0.967,-0.001,0.206,-1.831,0.427,0.427
0.97,0.005,0.21,-0.854,-0.732,1.343
0.98,0.013,0.229,-1.587,-1.221,1.831
0.98,0.012,0.234,-1.892,-0.122,1.709
0.98,0.012,0.233,-0.916,0.671,1.221
0.981,0.015,0.227,0.732,0.305,-0.305
0.984,0.015,0.227,0.977,-0.732,-1.221
0.983,0.012,0.237,0.427,-1.526,-1.831
0.983,0.005,0.243,-1.892,-0.427,-1.282
0.978,-0.009,0.237,-1.953,0.916,-0.61
0.98,-0.007,0.229,0.732,2.075,0.671
0.986,0.013,0.23,1.282,1.526,0.916
0.984,0.018,0.238,-0.183,1.77,0.61
1.139,0.386,-1.12,-19.47,-100.952,-8.423
1.139,0.395,-1.268,-9.033,-126.282,-6.836
1.136,0.546,-1.729,-11.536,-143.677,-2.502
1.13,0.678,-2.007,-10.986,-202.576,4.761
0.988,1.042,-2.534,-1.892,-250.549,0
0.814,1.196,-2.672,-0.61,-398.56,-49.194
0.132,1.222,-2.439,-21.362,-495.178,-86.548
-0.441,1.009,-2.025,-54.26,-681.091,-146.667
-1.971,0.076,-0.689,-42.969,-742.493,-153.137
-2.987,-0.518,0.146,53.955,-757.263,-82.642
-4,-1.238,1.721,108.582,-713.074,-9.216
-4,-1.179,2.383,77.515,-601.44,19.897
-3.975,-0.896,3.044,52.612,-519.104,-75.378
-3.722,-0.962,3.352,42.725,-386.658,-179.26
-1.652,-1.347,3.912,1.953,-334.045,-167.297
-0.538,-1.752,3.865,-42.664,-244.507,-146.423
-0.414,-1.642,2.512,-83.374,36.56,-33.142
-0.902,-0.956,1.77,-34.973,164.917,44.983
-1.418,0.479,0.934,51.88,263.672,128.113
-1.415,0.764,0.763,32.349,245.728,120.605
-1.301,0.72,0.689,-36.621,181.335,51.147
-1.088,0.201,0.716,-47.546,158.142,21.973
-0.997,-0.008,0.83,-15.076,126.343,3.235
-0.82,-0.12,1.248,8.606,126.404,9.338
-0.791,-0.09,1.454,15.137,173.34,28.32
-0.802,-0.137,1.587,-9.766,207.703,33.997
-0.735,-0.256,1.497,-58.655,261.292,35.217
-0.371,-0.442,1.203,-58.105,275.085,37.903
-0.203,-0.382,1.086,-16.052,278.015,53.04
-0.022,-0.057,0.98,11.536,273.804,54.81
0.026,0.055,0.973,52.734,272.705,28.809
0.135,0.01,0.987,51.819,278.076,12.024
0.207,-0.117,0.933,39.368,285.645,4.15
0.486,-0.333,0.693,-2.869,302.124,18.066
0.599,-0.345,0.553,-21.667,301.025,34.912
0.608,-0.203,0.339,-27.405,296.265,67.261
0.567,-0.024,0.257,-7.935,302.856,70.19
0.572,0.153,0.183,30.334,297.424,56.946
0.695,0.255,0.001,28.809,281.616,51.086
0.763,0.223,-0.113,3.296,234.436,57.312
0.856,0.235,-0.244,4.395,206.421,58.411
0.897,0.28,-0.245,41.016,151.367,35.156
0.956,0.347,-0.18,46.692,127.991,19.043
0.966,0.333,-0.137,24.841,99.548,5.005
0.941,0.298,-0.062,11.963,93.384,7.629
0.941,0.308,-0.048,5.432,88.928,10.071
0.96,0.318,-0.054,14.893,75.073,3.418
0.971,0.286,-0.056,21.24,62.439,-4.639
0.983,0.241,-0.031,19.409,30.518,-20.386
1.007,0.125,0.097,12.817,21.118,-24.719
1.013,0.071,0.155,0.488,27.1,-13.672
1.005,0.039,0.192,-1.648,37.17,-3.357
0.984,0.052,0.18,2.747,52.429,6.714
0.961,0.076,0.114,3.357,52.979,6.287
0.965,0.08,0.081,4.211,38.696,1.648
0.987,0.093,0.062,2.319,26.917,0.244
0.988,0.102,0.074,-2.686,4.883,-1.648
0.975,0.103,0.15,-3.967,-1.953,-2.441
0.971,0.095,0.2,-5.92,-4.15,-2.563
0.96,0.064,0.232,-7.507,7.385,-1.282
0.953,0.048,0.207,-5.249,15.625,-0.916
0.955,0.023,0.186,0.122,20.081,-2.136
0.959,0.01,0.203,-0.61,17.09,-2.502
0.962,-0.006,0.219,-5.798,10.315,-0.977
0.95,-0.019,0.225,-5.005,8.179,-0.244
0.942,-0.02,0.222,-0.366,6.165,-1.343
0.934,-0.033,0.219,-0.732,6.897,-2.441
0.93,-0.049,0.199,-4.211,8.118,-1.953
0.922,-0.048,0.17,-3.296,6.104,-0.488
0.929,-0.028,0.192,2.747,0.854,2.38
0.949,0.007,0.232,4.333,0.61,3.357
0.953,0.014,0.224,3.784,0.732,3.723
0.96,0.034,0.212,3.479,-1.16,2.502
0.967,0.039,0.225,2.93,-3.296,-0.244
0.976,0.017,0.245,0.549,-3.662,-7.019
0.981,0.003,0.245,-0.61,-3.113,-7.751
0.983,-0.008,0.251,-1.465,-4.517,-5.798
0.986,-0.012,0.27,-0.366,-5.249,-5.127
0.99,-0.018,0.279,1.526,-1.465,-2.869
0.986,-0.018,0.266,0.61,1.404,-1.16
0.985,-0.008,0.257,-1.709,1.587,-0.854
0.994,0.002,0.274,-2.441,0,-3.052
0.999,-0.007,0.284,-2.686,-0.854,-6.165
0.994,-0.029,0.281,-4.578,-0.61,-4.7
0.984,-0.027,0.273,-4.333,0.732,-1.892
0.971,-0.014,0.256,-0.427,2.441,-3.113
0.969,-0.015,0.242,5.371,5.249,-5.615
0.96,-0.016,0.216,4.272,5.188,-4.639
0.954,-0.013,0.207,-0.793,2.625,-2.136
0.948,-0.01,0.188,-0.793,0.793,-2.136
0.95,-0.006,0.189,2.136,-3.967,-3.967
0.961,-0.006,0.221,0.671,-5.92,-4.456
0.966,-0.009,0.232,-3.113,-6.531,-3.357
0.97,-0.01,0.248,-2.441,-6.226,-3.479
0.973,-0.013,0.262,0.061,-5.493,-6.348
0.98,-0.035,0.281,0.427,-4.211,-7.08
0.985,-0.046,0.283,-0.793,-1.648,-5.005
0.986,-0.055,0.278,-1.526,-1.16,-3.784
0.985,-0.054,0.274,-1.587,-1.221,-3.052
0.992,-0.046,0.282,-0.366,-2.38,-1.709
0.995,-0.04,0.295,-0.061,-2.258,-0.488
0.993,-0.032,0.289,-0.061,1.892,1.77
0.989,-0.027,0.275,0.488,4.7,2.258
0.986,-0.022,0.262,0.854,7.568,2.441
0.982,-0.019,0.244,0.305,7.141,2.502
0.979,-0.017,0.242,-0.549,4.333,2.075
0.973,-0.015,0.234,0,3.296,1.526
0.97,-0.013,0.229,0.916,2.258,0.732
0.964,-0.013,0.224,0.122,1.709,0.366
0.964,-0.015,0.227,-2.075,0.427,0.671
0.968,-0.014,0.233,-2.625,0.183,0.916
0.969,-0.013,0.234,-2.075,0.977,1.038
0.97,-0.014,0.237,-2.319,1.282,0.977
0.972,-0.02,0.242,-3.662,0.488,1.038
0.973,-0.026,0.248,-3.235,0.427,0.916
0.972,-0.025,0.246,-1.77,0.488,0.488
0.972,-0.024,0.244,0.732,0.244,-0.854
0.976,-0.027,0.243,0.793,0.244,-0.977
0.979,-0.03,0.24,-0.549,0.732,0.061
1.244,0.469,-1.159,-27.222,-192.078,-13.733
1.376,0.454,-1.445,4.578,-202.515,-19.104
1.617,0.623,-2.187,32.043,-204.163,-19.47
1.561,0.792,-2.531,18.066,-259.338,-19.409
1.136,1.052,-2.813,-22.461,-332.825,-22.4
0.874,1.073,-2.568,-75.562,-516.785,-49.255
0.218,0.681,-1.412,-58.777,-582.031,-68.115
-0.333,0.437,-0.628,73.914,-602.356,-89.6
-2.356,-0.196,1.335,131.897,-555.298,-92.896
-3.468,-0.513,1.962,82.031,-413.818,-70.313
-4,-0.826,1.694,22.888,-398.621,-72.51
-4,-1.098,1.702,0.854,-434.753,-97.534
-3.992,-1.439,2.117,-33.142,-504.761,-96.863
-2.974,-1.63,3.544,-108.948,-481.384,-44.312
-1.601,-1.384,4,-53.04,-226.318,-51.392
0.032,-1.031,3.84,10.803,-45.593,-37.72
-0.373,-0.872,3.061,-73.242,221.191,97.046
-1.521,-0.333,1.307,-78.003,284.241,131.897
-1.656,-0.044,0.935,-16.113,257.812,132.507
-1.36,0.328,0.949,-40.405,216.675,123.474
-1.274,0.321,0.995,-102.783,167.908,81.909
-1.12,0.167,1.241,-84.839,161.56,52.368
-0.977,0.13,1.408,-29.541,199.707,24.109
-0.681,0.05,1.464,-24.78,238.586,21.667
-0.594,-0.041,1.43,-62.195,297.913,17.395
-0.365,-0.213,1.33,-84.351,312.561,16.357
-0.215,-0.194,1.223,-68.298,340.637,16.541
-0.008,0.017,0.937,-23.01,354.065,9.338
0.129,0.101,0.785,24.658,358.276,-6.409
0.303,0.143,0.634,51.941,333.923,-33.569
0.541,0.205,0.416,25.818,310.974,-29.053
0.571,0.211,0.326,-49.622,264.282,-6.531
0.531,0.174,0.157,-65.43,243.164,-3.906
0.536,0.133,0.082,-28.931,201.538,-17.334
0.718,0.115,-0.009,6.104,184.753,-21.24
0.831,0.119,-0.013,14.587,180.237,-3.967
0.902,0.158,-0.097,-12.512,176.636,12.268
0.921,0.171,-0.178,-20.142,164.124,18.372
0.88,0.207,-0.252,8.118,160.217,14.16
0.848,0.26,-0.25,36.621,157.227,11.169
0.821,0.312,-0.245,40.771,146.24,9.033
0.818,0.303,-0.257,23.071,134.521,6.836
0.858,0.251,-0.268,11.841,113.464,0.916
0.902,0.212,-0.289,18.372,106.14,-1.16
0.878,0.214,-0.288,24.78,82.153,-10.193
0.872,0.203,-0.259,19.043,66.162,-13.794
0.891,0.198,-0.24,-4.822,34.058,-12.756
0.913,0.151,-0.196,-9.888,20.569,-11.23
0.937,0.125,-0.156,1.038,4.089,-16.052
0.99,0.089,-0.034,8.911,2.991,-18.433
1.001,0.079,0.016,12.695,10.62,-11.658
1.026,0.081,0.076,8.911,15.625,-4.517
1.037,0.109,0.083,3.723,22.217,7.446
1.055,0.188,0.079,3.479,21.79,6.592
1.062,0.19,0.07,3.784,18.738,1.404
1.064,0.169,0.065,3.235,4.395,-7.507
1.052,0.144,0.123,1.709,-4.883,-8.545
1.049,0.124,0.185,-0.854,-13.123,-8.972
1.042,0.059,0.264,-2.319,-8.179,-7.568
1.023,0.032,0.258,-1.953,7.935,-3.967
0.986,0.009,0.214,2.625,11.719,-3.906
0.983,0.015,0.2,13.123,8.911,-4.089
0.993,0.035,0.194,12.634,5.31,-2.441
0.992,0.04,0.19,5.432,-1.587,2.075
0.991,0.06,0.213,4.517,-4.211,3.113
1,0.073,0.233,8.728,0.732,3.418
0.986,0.09,0.223,9.155,7.568,4.456
0.975,0.092,0.197,6.958,13.306,5.188
0.97,0.089,0.172,4.333,10.559,0.671
0.983,0.089,0.178,6.104,2.808,-3.662
0.996,0.091,0.2,5.493,-10.559,-8.24
1.009,0.086,0.263,1.831,-12.268,-7.324
1.008,0.075,0.284,-1.343,-3.296,-5.737
0.993,0.051,0.264,0.732,4.15,-5.981
0.984,0.043,0.236,2.136,10.132,-5.737
0.972,0.026,0.171,-2.625,12.512,-2.808
0.968,0.02,0.151,-4.333,8.301,-1.526
0.967,0.018,0.152,1.465,-6.287,-3.601
0.974,0.029,0.2,6.409,-12.268,-5.981
0.977,0.033,0.227,14.404,-13.123,-6.836
0.976,0.051,0.24,17.151,-8.301,-4.822
0.974,0.065,0.229,19.104,1.831,-0.244
0.973,0.086,0.2,17.944,3.906,0.61
0.977,0.084,0.197,8.85,2.93,0.122
0.982,0.049,0.191,1.648,0.854,-0.671
0.979,0.032,0.191,-3.357,-2.319,-1.587
0.977,0.025,0.205,-2.808,-8.972,-4.028
0.981,0.02,0.249,-1.404,-9.094,-5.127
0.982,0.011,0.259,-2.502,-3.723,-3.357
0.982,0.014,0.248,-2.686,-1.099,-1.099
0.985,0.023,0.244,-2.747,-0.427,0.916
0.997,0.029,0.248,-2.93,-1.465,0.183
0.998,0.028,0.252,-1.526,-2.136,-1.831
0.99,0.025,0.254,-0.305,-0.854,-2.502
0.982,0.026,0.241,1.038,2.197,-2.502
0.976,0.024,0.229,0.305,2.93,-1.648
0.974,0.026,0.226,-2.38,5.31,1.526
0.965,0.035,0.2,-3.113,6.47,2.319
0.963,0.036,0.188,-2.808,6.348,2.136
0.963,0.04,0.184,-0.061,2.93,1.099
0.964,0.05,0.184,0.732,0.854,0.671
0.964,0.049,0.196,0.305,-2.319,-0.183
0.976,0.043,0.224,-0.366,-2.625,0.122
0.981,0.043,0.226,-1.953,0.305,1.831
0.986,0.043,0.213,-2.625,1.892,2.197
0.987,0.041,0.207,-2.014,1.892,1.77
0.99,0.042,0.201,-0.732,0.549,0.977
0.99,0.045,0.202,0.854,-0.916,-0.122
0.988,0.047,0.204,3.54,-2.563,-1.465
0.987,0.043,0.224,2.991,-1.892,-0.793
0.987,0.039,0.231,-1.221,2.747,3.235
0.988,0.043,0.22,-1.526,5.31,4.639
0.989,0.051,0.213,1.282,6.531,2.808
0.992,0.047,0.207,2.075,5.676,0.61
0.99,0.035,0.201,0.793,2.93,-1.038
0.981,0.021,0.196,-0.244,0.916,-0.366
0.977,0.024,0.202,-0.793,-0.916,0.305
0.971,0.034,0.208,-1.587,-2.075,1.16
0.969,0.04,0.211,-2.075,-1.709,1.587
1.161,0.698,-1.116,-4.578,-62.744,9.46
1.152,0.724,-1.344,6.836,-103.943,-26.855
1.047,0.695,-1.736,7.141,-141.357,-46.631
0.996,0.673,-1.939,-14.038,-247.131,-66.467
0.983,0.617,-2.32,-30.273,-308.105,-69.275
0.973,0.615,-2.449,-33.02,-429.749,-71.96
0.595,0.658,-2.226,-22.766,-485.535,-77.698
0.243,0.597,-1.845,-11.475,-550.964,-87.097
-1.063,0.334,-0.707,0.427,-565.674,-88.745
-2.143,0.031,0.277,77.82,-616.699,-100.464
-3.893,-0.84,2.376,120.85,-616.15,-72.876
-4,-0.955,2.819,64.697,-530.334,49.255
-3.917,-1.155,3.539,-47.729,-486.877,31.006
-3.293,-1.545,3.959,-89.783,-426.514,-60.059
-2.076,-1.896,4,84.595,-196.411,-162.903
-0.692,-1.478,3.382,77.576,-81.116,-96.069
-0.786,-0.957,3.036,-73.425,64.453,39.429
-1.037,-0.304,1.936,-113.22,122.742,60.974
-1.188,-0.11,1.386,-80.933,182.861,58.228
-1.295,0.177,0.837,-55.969,166.565,44.067
-1.228,0.222,0.855,-51.575,116.76,17.151
-0.957,0.052,1.077,-65.125,119.873,13.245
-0.855,-0.09,1.153,-79.041,179.687,25.94
-0.738,-0.23,1.266,-66.345,217.895,37.292
-0.659,-0.168,1.314,-33.142,287.537,52.49
-0.46,0.021,1.214,-25.391,314.941,44.495
-0.331,0.062,1.061,6.47,334.106,4.15
-0.019,0.073,0.747,31.799,323.303,-12.817
0.16,0.079,0.669,37.476,279.297,-11.047
0.455,0.101,0.653,10.498,257.446,1.831
0.558,0.113,0.65,-21.973,241.699,11.23
0.626,0.116,0.617,-55.542,232.422,5.676
0.69,0.082,0.496,-50.659,236.816,-3.479
0.736,0.078,0.442,-29.48,240.723,-13
0.843,0.079,0.299,-23.01,237.061,-8.789
0.852,0.087,0.225,-19.897,226.318,8.24
0.853,0.08,0.071,-24.902,219.299,12.085
0.899,0.058,-0.031,-16.479,204.956,9.949
0.946,0.038,-0.186,-0.061,198.12,7.874
0.933,0.089,-0.22,29.724,182.434,0.732
0.915,0.196,-0.215,30.151,168.518,-8.545
0.919,0.185,-0.209,20.508,152.893,-18.066
0.923,0.161,-0.213,5.127,129.211,-15.869
0.925,0.166,-0.19,3.174,122.375,-6.348
0.97,0.238,-0.155,-0.732,118.042,6.531
0.969,0.312,-0.15,-1.404,114.929,5.859
0.947,0.274,-0.18,-7.202,105.591,-11.841
0.901,0.126,-0.276,-0.671,100.159,-20.203
0.882,0.071,-0.316,22.888,83.923,-22.461
0.881,0.01,-0.347,27.771,70.862,-19.958
0.889,-0.015,-0.325,21.24,42.847,-6.897
0.915,-0.019,-0.224,15.442,33.813,4.028
0.94,0.02,-0.175,7.874,29.663,20.142
0.988,0.11,-0.157,7.263,30.334,17.029
1.004,0.114,-0.179,18.311,24.963,-3.906
1.025,0.102,-0.199,22.278,15.442,-9.46
1.031,0.106,-0.176,19.592,1.465,-9.888
1.029,0.109,-0.057,-0.122,-26.184,-3.418
1.044,0.133,0.029,-11.475,-32.104,2.197
1.049,0.159,0.111,-19.592,-25.879,6.042
1.063,0.144,0.191,-14.038,-15.503,1.16
1.09,0.107,0.196,5.981,0.732,-9.827
1.09,0.017,0.189,9.216,3.784,-9.216
1.073,-0.013,0.181,4.456,6.775,1.648
1.025,-0.028,0.163,2.563,6.958,6.714
1.007,-0.016,0.147,3.479,7.568,11.414
0.981,0.039,0.128,3.845,8.789,12.085
0.973,0.065,0.119,3.601,13.55,10.315
0.965,0.088,0.063,3.662,14.526,8.179
0.971,0.086,0.036,3.54,12.817,5.554
0.974,0.084,0.019,2.686,3.784,2.197
0.973,0.076,0.047,1.648,-1.953,1.282
0.979,0.063,0.074,-1.221,-10.254,-0.305
0.988,0.046,0.125,-1.831,-12.451,-1.587
0.991,0.046,0.16,4.333,-8.545,-4.883
1.005,0.041,0.171,6.714,-2.014,-4.822
1.005,0.031,0.128,4.822,6.836,-1.465
1.01,0.029,0.079,3.906,4.089,-1.16
1.018,0.038,0.096,3.052,-1.038,-1.892
1.019,0.046,0.108,-0.122,-5.554,-1.404
1.004,0.065,0.109,-0.122,-5.066,-0.916
1,0.078,0.118,4.272,-2.441,-3.845
0.996,0.081,0.12,5.371,-0.427,-5.249
0.993,0.073,0.112,2.686,1.648,-3.906
0.995,0.049,0.107,0.854,1.892,-2.991
0.995,0.039,0.099,0.488,3.174,-1.831
0.995,0.043,0.095,0.427,2.563,-1.404
0.993,0.046,0.102,-0.427,1.099,-1.404
0.979,0.045,0.092,-0.61,-0.488,-1.892
0.973,0.044,0.097,0.427,-0.549,-1.709
0.974,0.038,0.108,-1.038,0.977,1.831
0.977,0.032,0.099,-4.944,3.357,6.47
0.984,0.031,0.081,-5.005,3.418,7.446
0.982,0.04,0.073,-4.333,2.747,7.568
0.978,0.056,0.064,-2.014,-2.075,6.287
0.986,0.099,0.075,-0.916,-6.836,3.784
0.999,0.106,0.106,-0.366,-13.062,-3.235
1.019,0.087,0.141,-1.77,-11.719,-4.028
1.024,0.078,0.135,-4.944,-5.432,-1.709
1.024,0.078,0.119,-4.211,-3.235,-1.648
1.022,0.077,0.113,-1.099,-2.014,-4.089
1.014,0.047,0.119,-1.465,-2.38,-4.456
1.008,0.031,0.118,-3.662,-2.136,-1.404
0.99,0.029,0.096,-2.747,-1.526,-0.061
0.986,0.04,0.094,0.61,-2.197,-1.343
0.99,0.045,0.097,0.305,-2.441,-2.747
0.987,0.04,0.087,0.183,-1.709,-2.38
0.969,0.057,0.059,2.319,-2.197,-2.319
0.969,0.066,0.07,4.761,-7.507,-4.639
0.989,0.059,0.124,3.662,-8.972,-4.272
0.998,0.051,0.126,1.648,-8.545,-2.808
1.008,0.046,0.126,-0.793,-8.728,-3.052
1.03,0.034,0.167,-1.831,-9.521,-4.395
1.029,0.023,0.184,-3.845,-5.981,-2.38
1.028,0.016,0.188,-2.747,-2.686,-0.183
1.024,0.023,0.188,0.61,3.845,0.671
1.004,0.012,0.161,0.854,6.836,0.549
0.992,0.005,0.136,-0.061,10.193,2.686
0.979,0.012,0.088,-1.16,9.888,3.357
0.92,0.354,-1.365,15.564,-254.395,24.536
0.858,0.485,-1.447,54.749,-307.19,28.076
0.743,0.695,-1.621,56.763,-334.351,21.79
0.587,0.749,-1.64,-15.442,-423.279,5.127
0.023,0.637,-1.302,-53.528,-490.54,-10.681
-0.402,0.425,-0.89,-21.912,-627.197,-42.847
-1.36,-0.297,0.544,34.241,-660.034,-35.095
-1.788,-0.516,1.15,144.043,-572.266,72.51
-2.759,-0.266,1.939,131.958,-479.614,138.977
-3.181,-0.131,2.279,-35.339,-354.98,80.017
-3.189,-0.547,2.241,-17.151,-302.795,-60.608
-3.204,-1.049,2.419,120.85,-274.597,-179.932
-1.932,-1.429,2.877,95.398,-266.296,-152.893
-1.011,-1.41,3.005,34.973,-181.458,-83.374
-0.156,-1.108,2.995,-6.409,-102.539,-36.743
-0.248,-0.765,2.671,-71.899,93.567,58.899
-0.859,-0.025,1.783,-56.335,176.086,77.637
-1.099,0.209,1.379,-31.128,226.135,77.576
-1.223,0.254,0.888,-14.343,225.037,46.387
-1.181,0.162,0.838,-17.029,194.824,28.198
-1.105,-0.061,1.068,-33.264,132.69,5.371
-1.012,-0.179,1.28,-40.894,120.789,2.441
-0.905,-0.286,1.472,-48.462,156.921,20.386
-0.796,-0.442,1.662,-51.758,191.528,32.593
-0.771,-0.442,1.653,-63.416,250.305,45.776
-0.651,-0.357,1.518,-69.458,266.418,45.898
-0.53,-0.272,1.401,-55.481,278.137,39.978
-0.19,-0.038,1.127,-38.635,279.602,32.288
0.015,0.051,0.962,-2.625,281.799,1.465
0.293,0.121,0.672,10.803,279.358,-13.55
0.359,0.154,0.55,24.78,261.719,-30.701
0.478,0.246,0.359,25.818,251.404,-34.79
0.537,0.268,0.289,9.521,242.432,-36.804
0.626,0.242,0.149,-10.803,240.784,-32.593
0.696,0.226,0.078,-68.542,229.98,-20.874
0.91,0.192,-0.074,-77.454,219.116,-22.522
0.928,0.146,-0.128,-71.167,206.543,-31.189
0.919,0.108,-0.166,-31.25,188.049,-49.255
0.912,0.138,-0.218,-9.644,180.969,-47.18
0.892,0.197,-0.214,-9.399,164.307,-31.189
0.906,0.283,-0.203,-30.212,159.363,-24.963
0.978,0.292,-0.223,-38.086,144.409,-14.526
0.97,0.256,-0.262,-27.527,133.728,-12.024
0.96,0.26,-0.252,5.554,105.835,-20.996
0.97,0.284,-0.152,12.268,89.111,-26.978
0.976,0.236,-0.09,-11.841,67.81,-29.358
0.936,0.074,-0.044,-22.4,69.153,-23.804
0.915,0.038,-0.069,-5.371,90.271,-11.23
0.833,0.057,-0.17,16.235,100.952,-10.864
0.809,0.068,-0.234,42.114,101.379,-11.963
0.856,0.093,-0.296,38.635,83.74,-6.409
0.904,0.128,-0.261,10.01,28.931,11.353
0.956,0.187,-0.098,-3.235,7.996,17.151
0.959,0.187,-0.015,-8.423,-2.197,17.761
0.961,0.177,0.051,4.517,5.615,7.019
0.952,0.14,0.07,11.902,14.771,0.427
0.947,0.116,0.045,10.376,11.536,-7.751
0.968,0.055,0.024,5.432,-2.686,-9.399
0.977,0.037,0.062,-3.235,-36.621,-8.118
0.987,0.014,0.226,-5.737,-45.532,-6.958
0.991,0.016,0.3,-3.967,-43.701,-5.676
0.992,0.035,0.313,8.057,-17.456,-5.676
0.991,0.043,0.269,13,-5.249,-8.484
0.993,0.048,0.233,10.437,-3.235,-17.334
1.007,0.008,0.219,3.967,-10.132,-19.592
1.016,-0.016,0.234,-2.93,-22.461,-11.414
1.031,-0.005,0.293,-0.366,-22.278,-4.822
1.029,0.023,0.312,7.629,-7.874,2.625
1.021,0.05,0.297,7.812,0.916,2.747
1.02,0.045,0.27,7.324,7.812,1.526
1.013,0.053,0.213,10.376,11.963,-1.282
1.003,0.061,0.193,11.536,9.888,-3.357
0.993,0.06,0.182,8.423,3.174,-6.287
0.985,0.042,0.191,3.906,-0.977,-5.371
0.991,0.036,0.218,-4.761,-8.423,-1.587
1.004,0.04,0.273,-5.005,-8.179,-1.343
1.006,0.042,0.28,0.366,-0.549,-4.822
1.002,0.036,0.256,2.747,3.601,-6.531
0.995,0.026,0.233,4.028,7.385,-7.019
0.986,0.013,0.211,3.54,7.446,-5.92
0.981,0.012,0.203,2.197,7.019,-4.7
0.976,0.008,0.183,1.16,4.883,-3.845
0.968,0.015,0.149,2.014,1.953,-3.906
0.976,0.023,0.161,0.427,-3.845,-4.578
0.988,0.018,0.188,-1.465,-3.113,-3.906
0.99,0.012,0.188,-0.488,1.221,-1.77
0.996,0.017,0.186,1.587,2.319,-1.77
0.998,0.018,0.187,2.686,2.686,-2.502
0.998,0.019,0.194,1.404,1.709,-3.479
0.995,0.014,0.225,-0.061,0.549,-3.784
0.996,0.009,0.235,0.305,-2.075,-5.127
0.994,0.01,0.239,2.075,-2.258,-5.493
0.992,0.017,0.244,3.662,1.099,-4.7
0.989,0.012,0.224,2.869,4.333,-3.906
0.98,0.004,0.197,3.113,7.812,-2.502
0.971,0.007,0.172,4.272,5.737,-2.075
0.975,0.016,0.191,3.906,1.892,-1.709
0.978,0.018,0.213,-0.671,-2.991,-1.099
0.98,0.009,0.227,-0.916,-2.441,-1.099
0.982,0.009,0.23,1.099,0.305,-1.648
0.985,0.01,0.232,0.671,1.343,-1.831
0.985,0.01,0.23,0.366,2.319,-1.648
0.988,0.008,0.225,0.732,2.441,-1.892
0.987,0.001,0.22,0.061,2.136,-2.563
0.983,-0.01,0.203,-0.122,1.709,-2.319
0.982,-0.011,0.204,-0.183,1.221,-1.77
0.982,-0.013,0.208,-1.648,1.465,-0.366
0.974,-0.012,0.191,-1.526,2.014,0.305
0.975,-0.007,0.181,-0.732,0.671,0.854
0.981,0.009,0.179,-0.366,-0.854,0.366
0.982,0.014,0.177,1.77,-3.235,-2.197
0.98,0.014,0.167,3.357,-4.395,-3.845
0.979,0.013,0.164,5.31,-6.653,-5.798
0.979,0.017,0.169,3.967,-7.141,-5.493
0.979,0.013,0.174,-1.892,-6.836,-2.563
0.989,0.002,0.198,-3.357,-7.263,-0.916
1.001,0.001,0.221,-2.93,-7.629,0.122
1.015,-0.003,0.26,0.793,-4.639,0.671
1.015,-0.012,0.263,1.343,-1.709,0.916
1.032,0.379,-1.359,56.458,-125.488,-4.395
0.958,0.467,-1.485,51.331,-152.893,15.564
0.814,0.481,-1.698,33.325,-190.552,21.423
0.767,0.412,-1.704,11.78,-308.472,23.743
0.632,0.235,-1.476,14.526,-373.596,17.334
0.422,0.215,-1.223,28.503,-473.45,0.244
-0.177,0.243,-0.547,24.048,-492.554,1.221
-0.541,0.132,-0.239,17.639,-474.976,22.583
-1.632,-0.557,0.516,55.908,-477.722,27.893
-2.216,-0.829,0.991,134.766,-494.568,26.55
-2.812,-0.91,1.489,188.538,-483.032,42.664
-3.369,-0.756,2.199,63.782,-440.552,43.213
-3.33,-0.871,2.233,-43.64,-332.703,-93.384
-2.822,-1.401,2.778,38.025,-305.969,-149.231
-1.947,-1.355,3.366,93.14,-323.669,-128.235
0.481,-1.272,3.858,45.349,-283.813,-119.324
0.91,-1.496,3.359,-15.442,-9.277,-63.171
-0.303,-0.843,2.061,-26.245,122.925,16.968
-0.815,-0.099,1.628,-11.292,204.712,104.126
-1.029,0.602,1.19,-16.663,198.853,90.576
-1.006,0.539,1.038,-35.889,186.462,63.904
-0.99,0.352,0.947,-39.368,144.104,10.254
-0.932,-0.078,1.105,-20.02,119.751,-9.399
-0.839,-0.211,1.258,1.099,107.117,-7.08
-0.706,-0.27,1.435,-7.019,118.103,5.981
-0.668,-0.304,1.48,-44.739,141.174,18.799
-0.569,-0.422,1.52,-66.956,148.621,25.818
-0.502,-0.427,1.527,-82.947,164.429,44.861
-0.282,-0.317,1.436,-69.275,178.04,45.41
-0.167,-0.27,1.344,-47.974,192.993,37.292
-0.077,-0.233,1.253,-16.541,210.571,16.541
0.05,-0.125,1.106,-9.338,211.792,13
0.108,-0.049,1.031,-5.92,210.632,10.254
0.265,0.019,0.836,-8.667,208.252,3.357
0.4,-0.016,0.713,-11.963,197.327,-9.766
0.649,-0.083,0.487,-10.498,191.162,-7.263
0.697,-0.067,0.414,-19.47,175.781,7.629
0.695,0.025,0.326,-29.419,165.466,12.329
0.692,0.062,0.313,-41.26,153.809,12.634
0.703,0.079,0.317,-55.969,133.118,3.357
0.744,0.114,0.335,-50.781,128.601,-1.892
0.779,0.13,0.331,-32.654,125.549,-12.756
0.809,0.107,0.287,-32.898,128.235,-18.372
0.907,0.13,0.271,-36.804,141.052,-23.071
0.924,0.154,0.223,-28.381,140.991,-20.02
0.856,0.144,0.205,-31.311,135.498,-20.142
0.813,0.095,0.195,-40.344,130.432,-22.827
0.83,0.081,0.2,-46.387,125.061,-24.17
0.847,0.072,0.218,-49.5,126.709,-22.766
0.846,0.036,0.196,-49.438,136.047,-21.484
0.841,0.021,0.135,-41.199,158.63,-18.188
0.831,0.004,-0.035,-36.804,163.94,-17.456
0.841,-0.01,-0.129,-23.743,155.945,-17.09
0.889,0.012,-0.219,-13.611,143.555,-13.367
0.92,0.063,-0.201,-0.366,112.549,1.587
0.962,0.172,-0.121,-1.709,100.83,8.85
0.966,0.211,-0.082,-6.104,93.689,13
0.968,0.249,-0.067,-2.197,90.21,6.165
0.949,0.28,-0.128,5.127,87.646,-5.615
0.947,0.232,-0.186,15.869,65.796,-27.954
0.978,0.07,-0.23,13,46.814,-27.893
0.999,0.015,-0.185,-2.991,8.118,-8.179
1.019,0.01,-0.042,-6.287,-3.54,2.197
1.015,0.046,0.026,2.686,-5.737,7.324
0.996,0.106,0.095,8.24,-0.916,2.991
0.994,0.109,0.092,11.414,3.723,-2.625
0.998,0.097,0.079,12.939,2.563,-7.507
1.006,0.088,0.066,12.207,-3.601,-5.432
1.002,0.09,0.084,6.47,-17.029,0.122
0.981,0.072,0.164,4.089,-19.531,2.136
0.978,0.071,0.2,4.883,-12.817,4.456
0.988,0.079,0.225,5.92,-7.141,3.357
0.998,0.077,0.217,5.127,-0.793,-1.099
1.006,0.057,0.216,3.906,-0.244,-1.892
1.009,0.048,0.22,3.113,-0.427,-1.587
1.013,0.04,0.22,2.808,-2.014,-1.892
1.01,0.026,0.221,2.625,-2.502,-2.991
1.002,0.016,0.224,0.854,0.061,-3.662
0.992,0,0.203,0.916,1.465,-3.174
0.992,0.014,0.206,5.127,-0.122,-3.662
0.988,0.059,0.214,6.592,-0.854,-5.92
0.982,0.062,0.195,7.446,-0.488,-9.277
0.968,0.053,0.158,7.935,-0.427,-13.184
0.969,0.049,0.163,6.531,-1.343,-12.146
0.977,0.045,0.174,1.709,-2.136,-6.287
0.999,0.04,0.178,0.732,-2.563,-4.395
1.007,0.04,0.186,0.549,-4.639,-4.028
1.017,0.039,0.216,-0.305,-4.028,-4.272
1.013,0.032,0.216,-2.319,-0.854,-4.333
0.998,0.007,0.192,-2.747,0.916,-4.15
0.987,-0.001,0.178,-3.967,4.211,-1.587
0.966,0.004,0.142,-3.906,4.7,0
0.964,0.012,0.131,-2.625,4.028,0.305
0.97,0.021,0.139,2.075,0.671,-2.502
0.985,0.021,0.172,2.991,-0.488,-3.052
0.987,0.02,0.179,2.747,-1.831,-2.075
0.979,0.022,0.182,2.075,-1.892,-2.502
0.977,0.016,0.174,1.953,-2.197,-4.639
0.985,0.005,0.179,1.465,-3.235,-4.456
0.989,0.011,0.186,0.305,-4.333,-3.54
0.99,0.025,0.192,1.343,-4.15,-4.272
0.997,0.026,0.205,2.625,-3.967,-4.822
1,0.02,0.213,-0.854,-0.793,-2.136
0.984,0.008,0.172,-2.441,1.526,-0.366
0.98,0.016,0.164,2.136,-0.549,-1.892
0.998,0.034,0.195,3.174,-3.357,-4.211
1,0.025,0.198,3.662,-2.441,-6.104
0.98,0.022,0.161,3.845,-0.427,-5.676
0.973,0.026,0.149,1.831,-1.831,-6.714
0.976,0.01,0.161,0.427,-3.845,-6.653
0.977,0,0.167,-0.549,-4.883,-2.563
0.984,-0.005,0.184,-0.183,-5.005,-1.343
0.996,-0.009,0.199,0.061,-6.47,-2.319
1.01,-0.012,0.235,0.305,-7.202,-2.38
1.013,-0.013,0.247,0,-6.653,-2.502
1.015,-0.019,0.246,-0.366,-1.77,-3.479
1.009,-0.028,0.225,-0.366,0.732,-2.563
1.005,-0.026,0.21,-1.831,3.357,1.587
0.999,-0.012,0.192,-1.709,3.113,2.93
1.243,0.405,-1.061,18.921,-131.47,-0.427
1.213,0.404,-1.121,25.391,-176.208,-7.874
1.196,0.282,-1.188,22.949,-199.951,-7.996
1.265,0.209,-1.279,34.973,-228.638,6.47
1.51,0.22,-1.791,48.828,-229.919,18.066
1.495,0.325,-2.116,58.167,-257.08,24.658
0.885,0.727,-2.264,45.715,-304.871,22.827
0.467,0.889,-2.061,3.54,-432.373,3.174
-0.404,0.627,-1.249,-9.888,-482.666,-15.32
-0.955,0.24,-0.638,6.958,-515.015,-28.137
-2.162,-0.762,0.967,158.569,-539.673,-4.944
-2.915,-1.043,1.638,258.606,-526.062,35.339
-3.786,-1.06,2.198,197.693,-465.027,80.444
-3.779,-0.927,2.611,89.233,-401.428,-34.058
-3.35,-1.585,2.66,72.571,-252.441,-319.397
-1.715,-2.712,2.858,88.135,-223.45,-293.213
-0.707,-2.579,3.01,-2.991,-184.57,-59.082
0.378,-1.515,3.077,-72.998,-118.103,36.255
0.158,-0.93,2.719,-55.603,83.252,105.103
-0.716,0.035,1.705,-10.559,156.433,111.694
-0.974,0.292,1.321,5.371,179.81,89.661
-1.07,0.27,0.966,-15.137,151.733,66.589
-1.008,0.132,0.929,-34.668,116.699,45.166
-0.945,-0.023,1.018,-50.781,66.895,17.334
-0.817,-0.304,1.405,-57.068,68.787,18.372
-0.789,-0.415,1.575,-70.557,118.103,41.748
-0.793,-0.552,1.815,-72.632,150.696,52.49
-0.764,-0.553,1.834,-71.411,214.844,66.711
-0.636,-0.46,1.63,-70.557,242.249,67.261
-0.532,-0.4,1.444,-61.218,269.043,54.443
-0.249,-0.272,1.097,-47.119,263.855,43.64
-0.112,-0.189,1.015,-26.123,240.845,29.053
0.088,-0.018,0.924,-29.053,233.704,25.33
0.182,0.019,0.837,-41.138,231.384,4.883
0.36,-0.003,0.592,-36.865,231.628,-7.812
0.442,-0.021,0.467,-23.499,229.797,-17.822
0.531,-0.029,0.339,7.568,222.046,-26.55
0.678,0.001,0.091,11.353,216.858,-22.949
0.705,0.004,0.007,-23.865,196.167,1.099
0.713,0.027,-0.052,-50.232,174.194,16.052
0.773,0.09,-0.031,-75.684,128.296,22.278
0.923,0.177,0.004,-69.031,120.728,12.695
0.951,0.175,-0.013,-43.03,126.16,-3.357
0.944,0.159,-0.062,-32.837,125.854,-5.005
0.918,0.164,-0.073,-25.452,121.521,-4.15
0.877,0.172,-0.075,-20.264,104.248,-4.333
0.869,0.167,-0.057,-23.254,93.262,-7.08
0.879,0.167,-0.03,-43.701,76.721,-13.306
0.974,0.142,0.043,-54.138,71.533,-16.968
1.001,0.1,0.075,-55.42,68.359,-21.118
0.99,0.036,0.122,-50.781,71.35,-16.724
0.974,0.055,0.125,-30.64,83.252,-10.62
0.934,0.086,0.052,-12.817,85.327,-15.259
0.921,0.068,-0.001,13.672,78.918,-25.391
0.923,0.043,-0.065,17.456,72.144,-22.949
0.944,0.061,-0.078,13.184,52.429,-9.033
0.989,0.136,-0.046,8.423,39.307,-4.028
1.007,0.168,0.002,2.808,25.208,-2.991
1.022,0.176,0.057,-8.362,5.249,-8.24
1.037,0.141,0.15,-9.46,4.639,-8.85
1.033,0.124,0.172,-2.319,20.63,-5.066
1.007,0.091,0.155,0.732,29.358,-3.967
0.993,0.074,0.128,0.427,32.349,-4.395
0.973,0.039,0.097,-2.319,27.71,-4.639
0.967,0.02,0.086,-9.583,13.306,-1.587
0.966,-0.013,0.105,-12.268,4.272,1.282
0.974,-0.01,0.147,-12.817,-3.784,3.662
0.981,0.003,0.201,-2.747,-6.836,5.92
0.997,0.034,0.261,5.066,-1.343,6.836
0.998,0.049,0.259,9.46,9.277,8.911
1.002,0.071,0.251,5.432,9.766,8.728
1.004,0.078,0.251,-2.38,6.226,3.967
1.012,0.063,0.24,-2.808,4.15,-0.122
1.01,0.05,0.241,-0.244,0.977,-6.47
0.995,0.018,0.251,1.404,0.793,-6.714
0.985,0.006,0.251,2.991,1.587,-5.127
0.977,-0.001,0.256,5.005,4.517,0.732
0.976,0.001,0.258,5.066,6.226,3.906
0.97,0.005,0.254,3.845,9.888,8.057
0.964,0.02,0.242,3.906,10.925,8.362
0.966,0.026,0.239,6.958,8.911,4.028
0.979,0.017,0.267,8.789,7.507,1.343
0.983,0.011,0.282,9.521,10.803,1.831
0.986,0,0.286,8.362,14.954,4.822
0.984,0.003,0.268,7.751,18.799,7.935
0.983,0.015,0.25,10.132,20.874,10.071
0.967,0.048,0.248,14.648,18.738,8.667
0.969,0.056,0.231,37.231,10.681,3.906
0.993,0.054,0.195,44.189,8.301,1.099
1,0.055,0.188,31.616,8.972,-0.366
0.992,0.05,0.18,20.569,10.437,1.465
0.983,0.046,0.178,7.324,12.451,3.723
0.974,0.051,0.185,5.066,13,3.113
0.972,0.049,0.184,4.15,13.794,1.892
0.971,0.043,0.175,2.686,13.733,0.244
0.973,0.032,0.15,1.282,10.681,0.061
0.979,0.031,0.148,-2.38,-0.732,-1.099
0.989,0.03,0.182,-3.418,-5.432,-2.075
0.989,0.028,0.205,-4.944,-5.249,-1.404
0.987,0.024,0.224,-4.395,-1.282,-0.122
0.986,0.025,0.219,-0.854,6.042,1.099
0.989,0.028,0.183,0.061,7.263,1.404
0.991,0.031,0.162,-0.488,3.357,1.099
0.997,0.034,0.147,-2.014,-0.305,0.366
0.997,0.032,0.149,-5.615,-6.775,1.16
1,0.047,0.165,-5.554,-9.033,2.502
1,0.062,0.179,-2.319,-9.827,3.174
1.004,0.056,0.206,-0.549,-8.24,2.686
1.004,0.043,0.202,1.526,-3.906,3.906
0.993,0.033,0.158,2.38,-2.93,5.798
0.985,0.037,0.138,5.127,-5.859,7.324
0.98,0.039,0.118,5.615,-9.277,6.714
0.98,0.037,0.103,3.601,-16.968,6.653
0.978,0.049,0.059,2.258,-22.278,7.324
0.977,0.062,0.043,0.305,-29.663,7.141
0.975,0.071,0.028,-2.197,-49.133,3.113
0.976,0.087,-0.038,0.427,-60.242,-0.366
1.004,0.111,-0.117,7.751,-87.097,-9.399
1.019,0.116,-0.142,7.08,-101.257,-11.597
1.488,0.596,-0.815,-32.043,-147.278,50.537
1.633,0.609,-1.117,6.958,-164.49,17.578
1.946,0.571,-1.843,35.339,-189.27,-5.127
2.014,0.589,-2.154,29.358,-268.066,-18.555
1.693,0.833,-2.463,-19.47,-322.876,-6.836
1.268,1.035,-2.458,-76.05,-458.801,15.015
0.283,1.114,-2.045,-30.457,-525.208,9.644
-0.35,0.861,-1.528,138.794,-608.032,-11.047
-2.513,0.046,0.046,221.13,-614.197,-23.132
-3.6,-0.137,1.01,156.433,-543.518,-62.134
-4,-0.789,2.245,14.587,-476.257,-107.056
-4,-1.368,2.262,-44.434,-402.344,-171.326
-3.646,-2.199,3.022,106.506,-355.225,-240.234
-2.604,-2.526,3.42,126.16,-342.529,-224.182
-1.405,-2.628,3.495,4.639,-171.753,-81.116
-0.76,-1.602,3.096,-49.988,-57.983,13.916
-1.017,-0.82,2.567,-59.204,145.752,120.544
-1.625,0.334,1.289,-37.598,205.749,128.906
-1.691,0.583,0.843,-52.917,194.702,95.886
-1.378,0.542,0.501,-74.28,156.738,67.322
-1.167,0.359,0.522,-58.655,112.671,20.264
-0.835,0.032,0.805,-31.616,119.385,17.456
-0.763,-0.006,0.943,4.761,170.837,44.678
-0.696,0.072,1.063,8.667,201.843,56.946
-0.618,0.111,1.039,-16.235,246.033,58.472
-0.32,0.023,0.808,-33.569,249.084,46.997
-0.141,-0.08,0.698,-44.8,211.975,20.874
0.166,-0.127,0.671,-40.1,184.204,17.578
0.274,-0.073,0.716,-31.067,162.964,18.555
0.386,0.062,0.77,-2.686,154.48,16.968
0.42,0.1,0.752,9.827,160.217,10.986
0.501,0.082,0.704,16.357,163.208,-11.047
0.708,-0.071,0.605,13.733,160.4,-16.785
0.731,-0.103,0.586,-2.747,161.621,4.883
0.732,0.042,0.552,-14.465,169.189,17.944
0.717,0.135,0.526,-25.024,184.509,13.672
0.728,0.191,0.453,-26.489,189.514,0.488
0.768,0.175,0.391,-23.01,184.875,-14.587
0.897,0.127,0.282,-21.179,169.25,-14.465
0.965,0.116,0.242,-18.372,132.019,-9.094
0.994,0.137,0.263,-17.578,119.202,-5.432
0.95,0.173,0.3,-13.855,109.436,-0.549
0.907,0.271,0.356,-12.146,95.825,5.554
0.904,0.293,0.386,-17.456,92.468,1.526
0.92,0.231,0.389,-26.062,93.14,-14.16
0.936,0.148,0.378,-27.588,90.759,-19.226
0.956,0.068,0.378,-18.616,82.642,-18.127
0.964,0.022,0.417,-6.836,81.36,-15.137
0.951,0.038,0.448,4.7,85.327,-11.23
0.939,0.041,0.48,-0.671,89.294,-10.376
0.933,0.026,0.485,-7.324,97.961,-7.935
0.937,0.035,0.462,-0.427,102.173,-6.653
0.94,0.053,0.426,11.108,106.689,-5.005
0.931,0.075,0.344,8.423,104.675,-2.258
0.925,0.086,0.313,0.732,93.262,3.845
0.927,0.109,0.289,-0.244,87.219,4.761
0.924,0.109,0.273,-2.563,77.393,4.395
0.911,0.096,0.231,-0.916,71.777,3.784
0.908,0.101,0.238,4.028,65.857,2.686
0.912,0.108,0.263,8.85,56.335,0.977
0.93,0.094,0.302,4.944,53.894,1.16
0.933,0.079,0.294,-1.648,51.514,0.122
0.919,0.049,0.231,-0.732,48.828,-2.319
0.911,0.038,0.202,8.362,35.828,-8.423
0.92,0.043,0.223,13.672,28.625,-10.62
0.931,0.047,0.255,10.376,21.24,-8.362
0.96,0.04,0.294,1.648,20.203,-4.211
0.972,0.033,0.294,-7.751,18.86,0.854
0.986,0.052,0.275,-2.441,19.348,-0.122
0.981,0.07,0.264,4.517,21.667,-2.747
0.969,0.078,0.242,7.446,26.978,-6.531
0.952,0.063,0.154,6.958,25.94,-7.324
0.95,0.054,0.114,11.597,15.991,-10.132
0.947,0.045,0.14,12.024,10.925,-11.414
0.964,0.035,0.177,7.507,6.653,-7.629
0.991,0.022,0.245,7.324,6.714,-2.808
1.001,0.032,0.277,8.789,10.742,3.052
1.019,0.04,0.309,7.507,13.672,1.953
1.023,0.028,0.304,4.395,16.357,0.122
1.022,0.014,0.264,4.211,15.442,1.16
1.015,0.015,0.237,3.967,13,2.319
1.003,0.016,0.223,2.808,5.249,1.465
0.981,0.013,0.22,2.686,2.991,0.793
0.971,0.012,0.219,0.366,3.601,2.625
0.957,0.02,0.216,-0.305,4.333,4.211
0.961,0.036,0.228,3.296,4.944,4.944
0.979,0.054,0.236,3.784,5.92,3.54
0.986,0.05,0.231,3.479,6.226,1.221
0.992,0.045,0.231,3.967,5.737,-2.258
0.993,0.035,0.218,3.479,6.104,-2.38
0.988,0.031,0.205,0.122,3.784,-2.502
0.98,0.029,0.204,-0.793,0.977,-3.479
0.979,0.032,0.217,-1.038,-0.732,-4.456
0.976,0.029,0.218,-1.526,0.488,-4.211
0.974,0.027,0.208,-1.526,1.038,-5.005
0.983,0.028,0.2,-0.793,-0.305,-6.226
0.991,0.028,0.209,-0.732,-1.77,-5.493
0.993,0.033,0.218,-1.221,0,-2.93
0.987,0.043,0.209,-1.16,2.686,-0.61
0.975,0.05,0.18,-0.793,4.883,0
0.974,0.041,0.181,-0.366,3.296,-1.16
0.974,0.031,0.191,-0.671,-0.671,-1.404
0.972,0.022,0.202,-1.038,-1.831,-1.221
0.977,0.017,0.199,-0.305,-5.005,-4.028
0.994,-0.01,0.21,0.122,-7.568,-5.31
1.005,-0.023,0.249,-1.282,-7.141,0.061
1.016,-0.015,0.31,-2.319,-1.709,5.92
1.01,0.002,0.297,-0.732,10.132,11.475
0.991,0.043,0.226,1.709,11.719,9.277
0.986,0.05,0.2,1.465,4.578,0.916
0.98,0.032,0.198,-0.244,-0.427,-1.587
0.977,0.022,0.212,-1.709,-4.761,-2.197
0.972,0,0.247,-1.648,-3.601,-1.038
0.97,-0.004,0.257,-1.526,-0.488,0.977
0.965,0.009,0.237,-1.526,7.629,4.944
0.965,0.016,0.214,-1.465,9.216,4.944
0.969,0.02,0.194,0.793,5.066,1.038
0.984,0.019,0.188,1.526,1.16,-1.343
0.993,0.017,0.189,1.77,-4.456,-3.357
1.168,0.582,-1.223,-14.16,-98.145,-3.601
1.263,0.651,-1.376,-20.325,-165.833,-12.817
1.367,0.713,-1.794,-15.32,-186.462,-22.034
1.347,0.724,-2.124,23.499,-216.187,-44.373
0.997,0.83,-2.859,34.729,-248.901,-50.659
0.714,0.96,-3.204,-16.479,-417.541,-40.894
-0.069,1.369,-3.265,-75.073,-566.406,-38.147
-0.539,1.438,-2.741,-101.562,-880.554,-95.093
-1.134,0.704,-0.774,-26.855,-950.684,-140.32
-1.418,0.228,0.271,156.677,-787.414,-120.3
-3.267,-0.594,0.888,219.116,-620.239,-70.129
-4,-1.059,1.065,232.117,-426.392,8.606
-4,-1.664,1.926,188.782,-442.993,-64.819
-4,-2.086,2.533,93.506,-446.716,-233.093
-3.115,-2.335,3.796,2.441,-414.795,-202.698
-1.814,-2.349,4,-60.242,-347.412,-138.245
-0.484,-2.114,3.398,-45.715,-26.489,-9.583
-0.994,-1.509,2.537,-11.719,180.298,46.753
-1.722,-0.661,1.65,-6.042,386.475,131.226
-2.127,0.379,0.531,-29.48,349.792,136.23
-1.801,0.379,0.437,-63.843,182.129,101.807
-1.187,0.206,0.676,-55.054,136.23,80.566
-1.041,0.16,0.76,-14.832,139.16,45.898
-0.827,0.086,0.848,-19.836,158.02,45.41
-0.727,0.015,0.867,-51.819,203.369,60.913
-0.551,-0.161,0.91,-57.8,225.891,64.758
-0.496,-0.22,0.949,-68.298,257.812,66.833
-0.414,-0.252,0.975,-78.979,264.893,64.819
-0.299,-0.222,0.892,-86.365,265.869,59.753
-0.136,-0.155,0.78,-60.547,248.84,45.105
0.154,0.019,0.675,-34.241,234.924,36.316
0.265,0.079,0.682,9.46,218.323,19.714
0.394,0.117,0.69,21.362,218.933,12.695
0.442,0.085,0.636,29.907,228.577,-2.563
0.538,-0.041,0.469,24.902,232.666,-8.118
0.572,-0.085,0.382,3.113,229.187,-2.38
0.649,-0.063,0.255,-9.277,218.079,7.568
0.701,-0.014,0.226,-27.161,180.42,30.151
0.842,0.074,0.169,-28.015,160.278,34.607
0.894,0.091,0.163,-22.4,142.273,31.128
0.926,0.09,0.208,-0.549,116.272,13.855
0.923,0.084,0.239,7.874,109.314,9.094
0.911,0.083,0.276,7.324,99.06,14.282
0.909,0.159,0.316,2.014,93.872,19.714
0.92,0.197,0.336,-14.465,91.553,15.503
0.936,0.187,0.333,-20.63,96.558,7.812
0.915,0.153,0.308,-24.902,106.567,-2.747
0.882,0.087,0.244,-24.048,104.736,-4.211
0.878,0.059,0.224,-21.79,87.585,-1.221
0.897,0.02,0.247,-21.179,75.439,2.319
0.923,0.012,0.277,-20.325,64.636,5.615
0.953,0.011,0.318,-11.108,57.19,6.226
0.952,0.003,0.336,-2.563,59.57,2.869
0.948,-0.006,0.355,12.207,66.101,-1.038
0.928,0.003,0.353,12.085,69.58,1.404
0.96,0.037,0.326,6.042,68.787,7.812
0.965,0.091,0.265,3.174,61.218,7.385
0.958,0.093,0.257,-5.371,44.861,1.648
0.961,0.067,0.249,-5.005,39.368,-1.465
0.954,0.06,0.243,3.357,32.41,-8.545
0.935,0.041,0.255,6.653,29.358,-12.512
0.934,0.026,0.262,8.057,26.917,-15.442
0.935,-0.006,0.285,-0.916,23.682,-13.55
0.936,-0.019,0.293,-9.399,22.034,-8.972
0.939,-0.02,0.278,-14.16,18.921,-2.747
0.935,-0.013,0.261,-7.874,18.066,-4.15
0.932,-0.002,0.224,6.897,11.719,-11.23
0.935,-0.011,0.226,8.423,5.005,-13.184
0.942,-0.026,0.257,0.61,-6.042,-7.385
0.952,-0.034,0.339,-3.174,-5.249,-1.648
0.95,-0.025,0.351,-1.526,6.653,4.333
0.942,0.004,0.318,1.648,12.329,3.052
0.941,0.012,0.295,3.235,13.245,-3.113
0.953,0.014,0.301,1.526,8.972,-6.104
0.962,0.007,0.313,-1.221,0.977,-10.071
0.965,-0.02,0.335,-1.709,-1.343,-10.925
0.964,-0.036,0.344,-3.235,-2.258,-10.071
0.971,-0.056,0.367,-2.136,0.061,-8.423
0.975,-0.059,0.362,3.174,9.583,-4.211
0.975,-0.056,0.333,5.188,13.489,-1.892
0.968,-0.047,0.31,5.554,15.198,0.549
0.96,-0.04,0.283,2.502,11.414,2.991
0.944,-0.012,0.259,0.916,6.165,1.648
0.943,-0.007,0.26,-0.61,-6.836,-5.127
0.945,-0.022,0.277,-0.061,-11.78,-7.141
0.95,-0.031,0.312,1.16,-12.756,-4.456
0.972,-0.035,0.365,0.366,-8.484,-1.465
0.979,-0.036,0.368,-3.662,0.488,1.892
0.984,-0.044,0.347,-4.333,2.991,2.197
0.98,-0.037,0.336,-4.028,3.723,2.075
0.969,-0.017,0.319,-3.601,-0.427,-1.16
0.968,-0.021,0.318,-3.418,-4.333,-3.906
0.968,-0.026,0.355,-2.075,-9.094,-6.104
0.969,-0.024,0.372,-1.526,-7.446,-5.432
0.967,-0.02,0.373,-1.282,1.404,-4.944
0.959,-0.012,0.354,-2.136,5.249,-6.287
0.957,-0.017,0.344,-5.981,7.324,-10.437
0.954,-0.036,0.323,-6.958,5.92,-11.841
0.952,-0.043,0.318,-5.188,2.319,-12.268
0.945,-0.06,0.307,-3.54,0.671,-11.475
0.94,-0.068,0.306,-0.122,-1.16,-6.714
0.933,-0.061,0.32,0.549,-0.061,-3.052
0.937,-0.057,0.323,-1.892,3.296,1.465
0.944,-0.068,0.304,-2.319,3.723,2.014
0.939,-0.067,0.292,0.244,2.747,2.747
0.923,-0.049,0.288,0.366,1.526,3.174
0.927,-0.048,0.306,-0.854,-0.793,3.174
0.953,-0.061,0.356,-1.587,-4.883,3.784
0.966,-0.058,0.383,-0.793,-4.761,4.822
0.976,-0.049,0.403,-1.709,0.671,5.127
0.979,-0.049,0.382,-1.709,4.761,3.235
0.975,-0.055,0.349,2.625,9.216,-0.977
0.968,-0.057,0.309,4.578,7.996,-1.831
0.967,-0.057,0.306,4.456,3.296,-0.977
0.959,-0.058,0.328,3.235,2.258,0.061
0.953,-0.057,0.336,0.854,5.92,2.625
0.941,-0.043,0.314,0,8.85,3.601
0.942,-0.033,0.301,0,9.583,2.686
0.95,-0.024,0.295,0.854,8.24,1.16
1.693,0.381,-1.12,0.916,-56.824,27.71
1.689,0.449,-1.45,7.263,-118.896,7.08
1.556,0.644,-2.183,7.385,-169.678,-6.531
1.538,0.723,-2.559,-19.775,-290.283,-25.208
1.512,0.939,-3.177,-37.354,-353.455,-21.851
1.316,1.163,-3.313,-81.787,-523.865,-13.428
0.538,1.654,-3.021,-86.853,-627.686,-26.672
0.001,1.732,-2.518,2.197,-782.471,-103.394
-1.418,1.13,-0.664,67.932,-770.386,-138.916
-2.657,0.229,0.43,138.367,-547.913,-102.539
-4,-1.688,1.842,179.138,-413.147,-1.831
-4,-1.929,2.342,234.619,-363.098,-4.639
-3.894,-2.437,3.215,193.359,-343.384,-170.288
-3.377,-3.057,3.354,3.235,-255.31,-211.792
-1.025,-2.671,3.554,-108.521,-201.721,-86.548
-0.479,-1.648,3.326,-107.788,41.138,76.05
-1.064,-0.088,1.939,-36.865,171.631,75.073
-1.304,0.182,1.204,-55.054,254.639,67.627
-1.219,0.203,0.427,-96.68,217.224,69.885
-1.059,0.123,0.404,-75.623,114.807,42.48
-0.759,-0.021,0.705,-45.776,87.219,29.48
-0.635,-0.007,0.865,-28.992,82.764,30.273
-0.562,0.059,0.976,-34.912,120.666,50.72
-0.499,0.171,1.047,-43.396,145.203,51.758
-0.436,0.141,1.043,-53.345,178.528,37.903
-0.207,0.005,0.982,-54.016,188.354,29.419
-0.086,-0.069,0.947,-44.067,198.669,12.512
0.138,-0.167,0.913,-32.837,199.585,6.836
0.208,-0.161,0.906,-5.737,198.547,11.108
0.222,-0.124,0.965,3.296,197.205,13.245
0.27,-0.104,0.996,10.193,196.472,2.808
0.447,-0.171,0.934,11.902,197.51,-3.235
0.503,-0.238,0.846,12.695,200.989,-5.981
0.544,-0.264,0.641,18.25,211.182,-0.244
0.538,-0.223,0.587,20.996,212.83,6.531
0.605,-0.073,0.541,5.249,198.853,20.813
0.672,-0.011,0.501,-12.817,187.012,25.024
0.734,0.011,0.445,-40.344,167.053,19.043
0.846,0.001,0.321,-40.894,162.659,11.841
0.879,0.008,0.273,-10.01,155.823,2.319
0.829,0.047,0.213,2.93,147.461,1.282
0.812,0.071,0.197,0.854,123.108,3.113
0.849,0.138,0.196,-6.104,110.107,4.944
0.89,0.156,0.233,-14.709,94.91,8.423
0.961,0.178,0.282,-14.709,97.473,11.78
0.962,0.171,0.3,-15.381,103.699,15.808
0.955,0.163,0.312,-19.348,112.732,23.193
0.939,0.173,0.271,-21.118,113.098,23.682
0.931,0.162,0.246,-19.775,104.187,11.047
0.919,0.09,0.213,-12.451,96.313,1.77
0.928,0.059,0.208,12.695,83.191,-7.08
0.925,0.04,0.222,21.606,80.444,-7.812
0.924,0.027,0.237,22.949,80.627,-4.761
0.935,0.02,0.253,19.043,82.458,0.854
0.945,0.047,0.241,14.832,83.557,8.423
0.958,0.096,0.219,2.808,75.012,16.663
0.979,0.141,0.176,-4.944,64.758,11.841
0.984,0.128,0.16,-2.991,43.335,-5.554
0.996,0.097,0.175,5.737,35.889,-12.573
1,0.076,0.204,14.587,28.809,-19.775
1.005,0.031,0.242,16.235,28.625,-20.142
1.001,0.014,0.236,15.869,29.663,-19.226
0.999,-0.016,0.219,11.414,28.076,-18.188
0.999,-0.03,0.218,-0.61,24.414,-15.137
1,-0.062,0.231,-3.906,23.804,-12.024
1.001,-0.056,0.232,-4.639,24.292,-7.996
0.996,-0.047,0.225,-2.258,25.269,-3.967
0.993,-0.038,0.225,1.709,25.208,-4.211
0.991,-0.032,0.228,9.155,27.161,-5.005
0.978,-0.029,0.195,8.118,27.954,-5.737
0.979,-0.034,0.173,2.136,22.827,-6.592
0.993,-0.038,0.167,1.892,18.677,-6.409
0.997,-0.039,0.168,4.517,15.015,-4.456
1.007,-0.04,0.166,4.517,14.587,-2.686
1.009,-0.036,0.16,1.404,12.817,0.183
1.003,-0.029,0.139,-0.549,10.62,-0.183
0.994,-0.026,0.136,-1.404,5.615,-1.831
0.99,-0.025,0.161,-0.366,3.723,-1.77
0.99,-0.018,0.175,1.404,3.113,-1.77
0.98,-0.015,0.163,2.93,5.188,-3.174
0.977,-0.022,0.16,2.075,5.066,-3.967
0.98,-0.029,0.174,0.427,1.831,-2.686
0.966,-0.025,0.188,-0.122,2.319,-1.221
0.947,-0.018,0.159,0.732,6.287,-1.099
0.922,-0.013,0.101,1.831,4.517,-2.136
0.933,-0.015,0.126,1.343,-7.935,-2.869
0.982,-0.031,0.208,-0.793,-11.475,-1.892
1.002,-0.044,0.229,-3.784,-11.353,-0.427
1.032,-0.066,0.278,-3.296,-12.329,-0.793
1.043,-0.074,0.33,0.977,-10.315,-1.282
1.051,-0.073,0.372,3.479,-2.38,-0.732
1.046,-0.074,0.335,5.859,14.893,0.305
1.021,-0.061,0.228,6.348,17.456,0.244
1.005,-0.051,0.189,5.493,15.747,-0.488
0.993,-0.044,0.161,1.831,5.981,-2.93
0.98,-0.043,0.163,-0.305,0,-3.357
0.985,-0.043,0.204,-2.319,-5.798,-0.854
0.993,-0.04,0.272,-2.258,-2.563,1.038
0.991,-0.043,0.276,0.366,12.329,4.028
0.985,-0.042,0.237,2.686,19.958,5.737
0.981,-0.034,0.203,4.211,25.757,7.812
0.979,-0.013,0.137,3.174,23.132,6.165
0.976,-0.011,0.12,-0.061,11.23,-1.831
0.971,-0.025,0.106,-1.343,3.418,-5.432
0.965,-0.033,0.115,-5.127,-10.132,-7.751
0.959,-0.045,0.179,-6.348,-12.756,-6.897
0.959,-0.042,0.21,-3.418,-5.493,-3.479
0.969,-0.039,0.207,-1.953,0.488,-1.892
0.975,-0.043,0.188,-1.709,5.554,0.061
0.982,-0.043,0.166,-1.587,4.7,0.793
0.987,-0.038,0.17,-3.235,0.427,1.648
0.987,-0.033,0.185,-3.967,-1.038,1.221
0.984,-0.031,0.189,-3.357,-1.282,0.183
0.977,-0.029,0.181,-1.16,0.671,-2.38
0.982,-0.032,0.178,-0.977,1.648,-3.113
0.992,-0.04,0.183,-2.258,1.038,-3.357
0.993,-0.044,0.186,-3.357,0.671,-3.113
0.99,-0.046,0.184,-4.822,0.244,-2.625
0.98,-0.047,0.176,-4.822,-0.122,-2.563
1.325,0.454,-1.142,-15.686,-133.179,48.767
1.393,0.483,-1.325,-6.104,-180.237,26.123
1.4,0.494,-1.839,13.916,-199.036,2.502
1.316,0.48,-2.22,16.052,-282.349,-27.283
1.005,0.596,-2.767,-24.048,-361.145,-15.747
0.844,0.815,-2.847,-109.436,-553.65,36.621
0.384,1.245,-2.571,-121.887,-639.648,31.25
0.033,1.262,-2.098,-61.035,-730.53,-49.805
-0.986,0.755,-0.781,5.127,-710.388,-82.214
-2.095,0.419,-0.06,143.86,-580.261,-101.685
-4,-0.266,1.366,177.979,-510.986,-99.731
-4,-0.496,1.882,74.097,-441.956,-58.472
-3.984,-1.41,3.183,-71.35,-459.9,-61.707
-3.574,-2.036,3.947,-60.242,-380.371,-180.298
-0.317,-2.632,4,78.613,-260.071,-191.833
0.727,-2.539,3.721,49.072,96.924,-7.751
-0.772,-0.922,1.873,15.198,266.052,89.355
-1.696,0.125,1.11,0.671,314.636,170.471
-1.483,1.006,0.415,-33.936,247.009,143.738
-1.084,0.786,0.4,-73.853,179.321,102.417
-0.821,0.342,0.626,-99.06,97.351,54.871
-0.807,0.323,0.722,-55.115,80.688,34.18
-0.776,0.326,0.811,52.673,80.2,-14.099
-0.586,0.241,0.939,62.256,91.248,-22.095
-0.5,0.156,0.937,6.165,120.056,-7.751
-0.443,-0.107,0.958,-17.273,131.653,0.732
-0.361,-0.219,1.003,-27.161,147.644,21.423
-0.141,-0.207,1.03,-19.043,157.104,34.973
-0.082,-0.129,1.024,2.747,172.241,49.5
0.05,-0.007,1,15.137,173.767,46.997
0.129,0,0.97,36.438,170.593,24.658
0.253,-0.019,0.913,40.588,169.922,9.033
0.296,-0.07,0.913,40.344,171.509,-3.906
0.372,-0.193,0.891,14.526,181.702,-4.456
0.392,-0.219,0.838,-0.061,189.514,4.822
0.405,-0.214,0.77,-9.888,194.885,16.479
0.528,-0.176,0.624,-3.845,188.66,14.587
0.61,-0.144,0.574,16.846,172.18,10.742
0.741,-0.029,0.509,19.775,167.664,12.451
0.772,0.028,0.47,7.812,169.434,16.907
0.773,0.078,0.419,-4.822,170.288,15.198
0.779,0.076,0.394,-28.076,161.987,7.08
0.807,0.074,0.323,-30.762,153.503,2.441
0.835,0.061,0.323,-28.687,141.418,-2.869
0.882,0.055,0.33,-18.311,116.394,-10.315
0.924,0.079,0.346,-15.015,111.755,-7.69
0.961,0.124,0.334,-22.278,110.352,3.357
0.936,0.109,0.323,-25.696,106.384,5.981
0.912,0.094,0.319,-25.33,96.924,5.371
0.914,0.1,0.304,-22.583,92.834,2.319
0.924,0.084,0.294,-17.761,84.656,-9.705
0.956,0.011,0.304,-18.127,79.407,-13.672
0.97,-0.018,0.315,-17.517,75.439,-9.949
0.965,-0.044,0.348,-15.32,77.393,-4.395
0.96,-0.042,0.359,-14.404,84.717,11.292
0.94,-0.012,0.32,-15.015,88.013,18.921
0.929,0.022,0.285,-13.794,89.233,23.315
0.921,0.068,0.258,-9.216,85.144,16.357
0.911,0.094,0.235,-7.812,80.2,6.409
0.914,0.079,0.215,-2.441,67.505,-5.066
0.936,0.058,0.222,0.671,62.5,-5.066
0.958,0.069,0.237,3.174,59.937,0.793
0.994,0.094,0.228,-0.183,61.646,6.042
0.989,0.1,0.201,-10.071,62.256,10.254
0.96,0.128,0.128,-11.658,58.533,7.263
0.95,0.137,0.096,-10.62,52.002,0.732
0.951,0.13,0.064,-6.226,34.912,-14.404
0.967,0.08,0.026,-5.798,25.879,-17.09
0.963,0.041,0.067,-9.216,12.573,-11.414
0.957,0.036,0.091,-8.789,9.766,-6.531
0.957,0.037,0.107,-4.028,8.911,0.854
0.973,0.051,0.126,-4.028,7.385,2.808
0.983,0.053,0.142,-9.277,-0.183,2.869
1.001,0.055,0.189,-10.315,-2.991,1.099
1.005,0.049,0.206,-4.272,-1.343,-4.211
1.006,0.037,0.206,-0.061,0.488,-6.165
1.004,0.029,0.199,1.282,0.549,-7.019
1.001,0.017,0.191,-1.343,-1.404,-5.737
0.998,0.013,0.194,-6.042,-7.141,-2.869
1.004,0.015,0.235,-5.432,-9.338,-2.258
1.011,0.017,0.265,-3.906,-9.705,-2.197
1.018,0.017,0.295,-1.831,-3.296,-2.93
1.016,0.015,0.289,-1.038,1.404,-4.028
1.008,0.005,0.267,1.404,7.568,-7.446
0.983,-0.011,0.215,2.502,7.629,-7.751
0.969,-0.012,0.197,0.916,3.54,-3.54
0.958,-0.005,0.188,-0.854,0.366,-1.038
0.963,0.004,0.21,-2.075,-6.104,1.099
0.971,0.023,0.257,-1.77,-7.019,0.977
0.968,0.025,0.265,0.244,-1.038,-1.038
0.965,0.016,0.235,0.916,2.747,-1.77
0.96,0.008,0.206,-0.854,3.357,-0.61
0.95,0.008,0.179,-1.648,0.122,0.244
0.957,0.011,0.201,-3.235,-9.399,1.526
0.975,0.015,0.252,-4.456,-12.085,1.892
0.982,0.012,0.271,-2.808,-11.292,0.854
0.999,0.015,0.302,-0.793,-9.216,-0.427
1.002,0.015,0.303,0.427,-6.47,-1.587
1.001,0.014,0.299,-0.488,-1.709,-2.869
1.006,-0.002,0.298,-2.014,-0.427,-2.991
1.004,-0.007,0.294,-1.343,3.479,-2.625
0.993,-0.006,0.262,0.061,5.432,-2.808
0.984,-0.007,0.243,1.404,5.066,-3.662
0.97,-0.004,0.219,1.648,3.784,-3.479
0.964,0,0.212,0.977,2.93,-1.404
0.953,0.007,0.197,0.122,2.625,-0.427
0.953,0.011,0.198,-1.282,0.488,0.305
0.959,0.016,0.204,-1.77,-0.183,0.366
0.963,0.012,0.207,-2.441,-1.831,0.854
0.974,0.007,0.222,-2.625,-3.174,1.16
0.978,0.007,0.234,-2.38,-3.906,1.404
0.981,0.006,0.241,-1.099,-3.54,1.648
0.99,0.001,0.246,0.183,-3.113,1.648
0.992,-0.001,0.244,2.625,-1.343,2.441
0.991,-0.009,0.232,3.052,-0.549,3.479
0.992,-0.007,0.23,3.357,-0.793,5.737
0.989,0.004,0.235,2.991,-1.099,6.47
0.989,0.01,0.237,2.197,-1.465,6.409
0.984,0.014,0.237,3.235,-0.977,5.737
